mg,bp_rp
0.6687816584015582,1.8660717
6.34421812224231,1.2628975
2.694654234667201,0.8697014
6.407025802899977,1.5348244
4.979786530624015,1.3074627
